{
    "beta": [
        24.68242213434178,
        0.3002347700278162,
        3.7348554484082954
    ],
    "beta_std": [
        0.20633520428923538,
        0.539183612124005,
        0.5433645499283146
    ],
    "r2": 0.5041881861523287,
    "chi2": 2.80538545408357
}