{
    "beta": [
        -8.317906035758682,
        29.502793035355367
    ],
    "beta_std": [
        0.1511922318419586,
        0.36628192320173397
    ],
    "r2": 0.9970208315856575,
    "chi2": 0.5146664776447348
}