{
    "beta": [
        24.398527295077468,
        0.29210430731668996,
        4.02601110858205
    ],
    "beta_std": [
        0.12096682718958274,
        0.28043498876943995,
        0.28497749742365114
    ],
    "r2": 0.5716050513221584,
    "chi2": 1.9262455581612394
}