{
    "beta": [
        -7.464659801822874,
        28.559041094131267
    ],
    "beta_std": [
        0.227264329998464,
        0.6149605622659449
    ],
    "r2": 0.992632622200847,
    "chi2": 1.3733801632769853
}