{
    "beta": [
        24.427373156739247,
        3.460052429529869e-06,
        10.371365745943443
    ],
    "beta_std": [
        0.2124201242037464,
        9.734583554883542,
        14.22437438008421
    ],
    "r2": -21.78791139061134,
    "chi2": 75.76163360746263
}