{
    "beta": [
        -1.650797506548757,
        30.77438575770174
    ],
    "beta_std": [
        0.002449992952786499,
        0.01602039397906197
    ],
    "r2": 0.9999597603303835,
    "chi2": 0.00217702541473259
}