{
    "beta": [
        23.99201706088327,
        0.3864909403220529,
        3.6778680681344875
    ],
    "beta_std": [
        0.18260207584247387,
        0.44529880654131904,
        0.4754882840235388
    ],
    "r2": 0.6110303159328678,
    "chi2": 3.8520161397017114
}