{
    "beta": [
        -8.246278053975693,
        29.350753660325037
    ],
    "beta_std": [
        0.11149293571700811,
        0.2499092894753748
    ],
    "r2": 0.9970666482062511,
    "chi2": 0.2858471216239813
}